{
  "classification_report": {
    "0": {
      "precision": 0.888,
      "recall": 0.9269311064718163,
      "f1-score": 0.9070480081716037,
      "support": 479.0
    },
    "1": {
      "precision": 0.977735368956743,
      "recall": 0.9648462021343377,
      "f1-score": 0.9712480252764613,
      "support": 1593.0
    },
    "accuracy": 0.956081081081081,
    "macro avg": {
      "precision": 0.9328676844783714,
      "recall": 0.945888654303077,
      "f1-score": 0.9391480167240325,
      "support": 2072.0
    },
    "weighted avg": {
      "precision": 0.956990561171859,
      "recall": 0.956081081081081,
      "f1-score": 0.956406419005599,
      "support": 2072.0
    }
  },
  "pr_auc_target": 0.9571391506215654
}