{
  "classification_report": {
    "0": {
      "precision": 0.869140625,
      "recall": 0.9290187891440501,
      "f1-score": 0.8980827447023209,
      "support": 479.0
    },
    "1": {
      "precision": 0.9782051282051282,
      "recall": 0.9579409918392969,
      "f1-score": 0.9679670155407548,
      "support": 1593.0
    },
    "accuracy": 0.9512548262548263,
    "macro avg": {
      "precision": 0.9236728766025641,
      "recall": 0.9434798904916735,
      "f1-score": 0.9330248801215378,
      "support": 2072.0
    },
    "weighted avg": {
      "precision": 0.9529918574352169,
      "recall": 0.9512548262548263,
      "f1-score": 0.9518113370988582,
      "support": 2072.0
    }
  },
  "pr_auc_target": 0.9533548928553274
}