{
  "classification_report": {
    "0": {
      "precision": 0.8605108055009824,
      "recall": 0.9144050104384134,
      "f1-score": 0.8866396761133604,
      "support": 479.0
    },
    "1": {
      "precision": 0.9737683941138836,
      "recall": 0.9554300062774639,
      "f1-score": 0.9645120405576679,
      "support": 1593.0
    },
    "accuracy": 0.9459459459459459,
    "macro avg": {
      "precision": 0.917139599807433,
      "recall": 0.9349175083579386,
      "f1-score": 0.9255758583355141,
      "support": 2072.0
    },
    "weighted avg": {
      "precision": 0.9475857758969051,
      "recall": 0.9459459459459459,
      "f1-score": 0.9465096937580428,
      "support": 2072.0
    }
  },
  "pr_auc_target": 0.937278935870522
}