{
  "classification_report": {
    "0": {
      "precision": 0.8705882352941177,
      "recall": 0.9269311064718163,
      "f1-score": 0.897876643073812,
      "support": 479.0
    },
    "1": {
      "precision": 0.9775928297055058,
      "recall": 0.9585687382297552,
      "f1-score": 0.967987321711569,
      "support": 1593.0
    },
    "accuracy": 0.9512548262548263,
    "macro avg": {
      "precision": 0.9240905324998117,
      "recall": 0.9427499223507858,
      "f1-score": 0.9329319823926905,
      "support": 2072.0
    },
    "weighted avg": {
      "precision": 0.9528557637194753,
      "recall": 0.9512548262548263,
      "f1-score": 0.9517793028566048,
      "support": 2072.0
    }
  },
  "pr_auc_target": 0.9578761165338826
}