{
  "classification_report": {
    "0": {
      "precision": 0.8688845401174168,
      "recall": 0.9269311064718163,
      "f1-score": 0.896969696969697,
      "support": 479.0
    },
    "1": {
      "precision": 0.9775784753363229,
      "recall": 0.9579409918392969,
      "f1-score": 0.9676601141407736,
      "support": 1593.0
    },
    "accuracy": 0.9507722007722008,
    "macro avg": {
      "precision": 0.9232315077268698,
      "recall": 0.9424360491555566,
      "f1-score": 0.9323149055552353,
      "support": 2072.0
    },
    "weighted avg": {
      "precision": 0.9524508715863924,
      "recall": 0.9507722007722008,
      "f1-score": 0.9513180727194678,
      "support": 2072.0
    }
  },
  "pr_auc_target": 0.9574740652444507
}